{"V1": {"counts": [1, 1, 1, 4, 14, 23, 51, 98, 262, 1290, 13432, 212668], "bin_edges": [-56.407509631329, -51.502559787888785, -46.597609944448564, -41.69266010100835, -36.787710257568136, -31.882760414127922, -26.977810570687705, -22.072860727247487, -17.167910883807274, -12.26296104036706, -7.358011196926846, -2.453061353486625, 2.45188848995359], "mean": 0.0007952909219965246, "std": 1.95892123103071}, "V2": {"counts": [1, 2, 1, 4, 18, 30, 100, 447, 15570, 211104, 550, 18], "bin_edges": [-72.7157275629303, -64.81793951681186, -56.92015147069343, -49.022363424575, -41.12457537845657, -33.226787332338134, -25.328999286219698, -17.43121124010127, -9.533423193982834, -1.6356351478644058, 6.26215289825403, 14.159940944372465, 22.0577289904909], "mean": -0.0004810136871296808, "std": 1.649088758537229}, "V3": {"counts": [1, 0, 0, 10, 10, 27, 42, 137, 1012, 87882, 138723, 1], "bin_edges": [-48.3255893623954, -43.51657704612735, -38.70756472985931, -33.89855241359126, -29.08954009732322, -24.280527781055174, -19.47151546478713, -14.662503148519086, -9.85349083225104, -5.044478515982995, -0.2354661997149492, 4.573546116553096, 9.38255843282114], "mean": -0.0003830223918743661, "std": 1.5152890240378212}, "V4": {"counts": [523, 15250, 96684, 98829, 11971, 4234, 225, 70, 35, 18, 2, 4], "bin_edges": [-5.68317119816995, -3.803294928855996, -1.9234186595420417, -0.04354239022808759, 1.836333879085867, 3.7162101483998216, 5.596086417713775, 7.475962687027731, 9.355838956341685, 11.235715225655639, 13.115591494969593, 14.995467764283546, 16.8753440335975], "mean": -1.972239973220739e-05, "std": 1.4158639729195952}, "V5": {"counts": [1, 0, 0, 0, 0, 1, 6, 70, 4113, 223533, 108, 13], "bin_edges": [-113.743306711146, -101.36455899549479, -88.98581127984357, -76.60706356419234, -64.22831584854114, -51.84956813288992, -39.4708204172387, -27.092072701587483, -14.713324985936268, -2.3345772702850525, 10.044170445366163, 22.42291816101738, 34.8016658766686], "mean": 0.00017458436851300544, "std": 1.3795661679094064}, "V6": {"counts": [8, 39, 15609, 212062, 112, 14, 0, 0, 0, 0, 0, 1], "bin_edges": [-26.1605059358433, -17.871994979025978, -9.583484022208651, -1.2949730653913285, 6.993537891425998, 15.282048848243324, 23.570559805060643, 31.85907076187797, 40.14758171869529, 48.43609267551261, 56.724603632329945, 65.01311458914726, 73.3016255459646], "mean": -0.0011711861719560283, "std": 1.3312147944816186}, "V7": {"counts": [8, 54, 3009, 224663, 98, 12, 0, 0, 0, 0, 0, 1], "bin_edges": [-43.5572415712451, -29.87834694487151, -16.19945231849792, -2.520557692124328, 11.158336934249263, 24.837231560622854, 38.516126186996445, 52.195020813370036, 65.87391543974363, 79.55281006611722, 93.23170469249081, 106.9105993188644, 120.589493945238], "mean": 7.67387573715109e-05, "std": 1.2384280190477304}, "V8": {"counts": [1, 0, 2, 0, 10, 9, 62, 285, 2452, 224550, 455, 19], "bin_edges": [-73.2167184552674, -65.44805788690167, -57.67939731853595, -49.91073675017022, -42.1420761818045, -34.37341561343877, -26.60475504507305, -18.836094476707324, -11.067433908341599, -3.2987733399758667, 4.469887228389851, 12.238547796755569, 20.0072083651213], "mean": -0.0004339283969019277, "std": 1.1914793452030248}, "V9": {"counts": [3, 8, 28, 92, 21112, 175116, 30217, 1050, 201, 17, 0, 1], "bin_edges": [-13.4340663182301, -11.014977907783608, -8.595889497337115, -6.176801086890624, -3.7577126764441324, -1.338624265997641, 1.080464144448852, 3.4995525548953434, 5.918640965341835, 8.337729375788326, 10.756817786234818, 13.175906196681309, 15.5949946071278], "mean": 0.0007017569652427178, "std": 1.0973488952721522}, "V10": {"counts": [6, 7, 44, 43, 211, 68536, 157051, 1521, 376, 49, 0, 1], "bin_edges": [-24.5882624372475, -20.560479224089, -16.5326960109305, -12.504912797772, -8.4771295846135, -4.449346371455, -0.42156315829650026, 3.606220054862, 7.6340032680205, 11.661786481179, 15.6895696943375, 19.717352907496, 23.7451361206545], "mean": -0.0003894407751757382, "std": 1.086249608477141}, "V11": {"counts": [36, 3129, 66481, 106065, 49451, 2430, 130, 45, 31, 22, 18, 7], "bin_edges": [-4.79747346479757, -3.396107910929448, -1.9947423570613254, -0.5933768031932027, 0.8079887506749195, 2.2093543045430417, 3.610719858411165, 5.012085412279286, 6.413450966147409, 7.814816520015532, 9.216182073883655, 10.617547627751776, 12.0189131816199], "mean": -0.0007872473742936234, "std": 1.0191975175473884}, "V12": {"counts": [11, 26, 33, 26, 51, 86, 1422, 24959, 188785, 12370, 75, 1], "bin_edges": [-18.6837146333443, -16.47270574092856, -14.261696848512818, -12.050687956097075, -9.839679063681334, -7.628670171265593, -5.417661278849851, -3.206652386434108, -0.9956434940183669, 1.215365398397374, 3.426374290813115, 5.6373831832288595, 7.8483920756446], "mean": 0.0027181278900562447, "std": 0.9965068035664201}, "V13": {"counts": [1, 20, 1032, 14509, 60079, 95654, 47977, 7463, 1101, 8, 0, 1], "bin_edges": [-5.79188120632084, -4.715317525911289, -3.6387538455017396, -2.56219016509219, -1.4856264846826397, -0.4090628042730895, 0.6675008761364598, 1.74406455654601, 2.82062823695556, 3.8971919173651095, 4.973755597774661, 6.05031927818421, 7.12688295859376], "mean": -0.000493121683203335, "std": 0.9941007139073503}, "V14": {"counts": [8, 11, 43, 63, 128, 308, 5907, 176263, 44637, 434, 42, 1], "bin_edges": [-19.2143254902614, -16.73590119509089, -14.25747689992038, -11.779052604749873, -9.300628309579364, -6.822204014408856, -4.3437797192383485, -1.8653554240678396, 0.6130688711026693, 3.091493166273178, 5.569917461443687, 8.048341756614196, 10.5267660517847], "mean": -5.861749771665661e-05, "std": 0.9559910410862281}, "V15": {"counts": [109, 2925, 20447, 81616, 96845, 24928, 927, 36, 7, 4, 0, 1], "bin_edges": [-4.49894467676621, -3.384220820557128, -2.2694969643480465, -1.154773108138965, -0.040049251929882956, 1.074674604279199, 2.18939846048828, 3.304122316697362, 4.418846172906444, 5.533570029115526, 6.648293885324608, 7.76301774153369, 8.87774159774277], "mean": 0.0007440645245214755, "std": 0.9151408180332452}, "V16": {"counts": [22, 40, 61, 183, 23637, 198201, 5671, 28, 1, 0, 0, 1], "bin_edges": [-14.1298545174931, -11.509440681233025, -8.88902684497295, -6.268613008712876, -3.6481991724528005, -1.027785336192725, 1.5926285000673488, 4.213042336327426, 6.8334561725875, 9.453870008847574, 12.07428384510765, 14.694697681367725, 17.3151115176278], "mean": -0.001069903399770179, "std": 0.8742414393221667}, "V17": {"counts": [5, 18, 21, 33, 50, 42, 79, 177, 191158, 35796, 442, 24], "bin_edges": [-25.1627993693248, -22.294772234341664, -19.426745099358527, -16.55871796437539, -13.690690829392251, -10.822663694409114, -7.954636559425975, -5.0866094244428375, -2.2185822894597003, 0.649444845523437, 3.517471980506574, 6.385499115489711, 9.25352625047285], "mean": 0.00039024827920928833, "std": 0.8442330909785183}, "V18": {"counts": [14, 18, 13, 70, 91, 1693, 19161, 117037, 78601, 10840, 293, 14], "bin_edges": [-9.49874592104677, -8.28709466217522, -7.0754434033036695, -5.863792144432118, -4.652140885560567, -3.4404896266890166, -2.228838367817465, -1.0171871089459152, 0.19446414992563632, 1.4061154087971879, 2.6177666676687377, 3.8294179265402892, 5.04106918541184], "mean": 5.6236912094208546e-05, "std": 0.8388718947637581}, "V19": {"counts": [2, 0, 22, 216, 3248, 27020, 116751, 69731, 8929, 1726, 189, 11], "bin_edges": [-7.21352743017759, -6.148057367089483, -5.082587304001376, -4.01711724091327, -2.951647177825163, -1.8861771147370563, -0.8207070516489496, 0.24476301143915702, 1.3102330745272637, 2.3757031376153703, 3.441173200703477, 4.506643263791584, 5.57211332687969], "mean": 0.0006635111865565202, "std": 0.8139287921173884}, "V20": {"counts": [1, 0, 0, 3, 32, 134, 193678, 33913, 71, 10, 1, 2],